R,M_A,M_B,PredictedSignature,TrueSignature,SigPredTrue?,SigRuleUsed,PredictedNumPureNash,TrueNumPureNash,NumPredTrue?,NumRuleUsed,PredNashLoc,TrueNashLoc,LocPredTrue?,LocRuleUsed
1,1,1,"([0], [0])","([0], [0])",Yes,Rule 1,1,1,Yes,Rule A,"[(0, 0)]","[(0, 0)]",Yes,Rule A
1,1,2,"([0], [0])","([0], [0])",Yes,Rule 1,1,1,Yes,Rule A,"[(0, 0)]","[(0, 0)]",Yes,Rule A
1,1,3,"([0], [0])","([0], [0])",Yes,Rule 1,1,1,Yes,Rule A,"[(0, 0)]","[(0, 0)]",Yes,Rule A
1,1,4,"([0], [0])","([0], [0])",Yes,Rule 1,1,1,Yes,Rule A,"[(0, 0)]","[(0, 0)]",Yes,Rule A
1,1,5,"([0], [0])","([0], [0])",Yes,Rule 1,1,1,Yes,Rule A,"[(0, 0)]","[(0, 0)]",Yes,Rule A
1,1,6,"([0], [0])","([0], [0])",Yes,Rule 1,1,1,Yes,Rule A,"[(0, 0)]","[(0, 0)]",Yes,Rule A
1,1,7,"([0], [0])","([0], [0])",Yes,Rule 1,1,1,Yes,Rule A,"[(0, 0)]","[(0, 0)]",Yes,Rule A
1,1,8,"([0], [0])","([0], [0])",Yes,Rule 1,1,1,Yes,Rule A,"[(0, 0)]","[(0, 0)]",Yes,Rule A
1,1,9,"([0], [0])","([0], [0])",Yes,Rule 1,1,1,Yes,Rule A,"[(0, 0)]","[(0, 0)]",Yes,Rule A
1,2,2,"([0], [0])","([0], [0])",Yes,Rule 1,1,1,Yes,Rule A,"[(0, 0)]","[(0, 0)]",Yes,Rule A
1,2,3,"([0], [0])","([0], [0])",Yes,Rule 1,1,1,Yes,Rule A,"[(0, 0)]","[(0, 0)]",Yes,Rule A
1,2,4,"([0], [0])","([0], [0])",Yes,Rule 1,1,1,Yes,Rule A,"[(0, 0)]","[(0, 0)]",Yes,Rule A
1,2,5,"([0], [0])","([0], [0])",Yes,Rule 1,1,1,Yes,Rule A,"[(0, 0)]","[(0, 0)]",Yes,Rule A
1,2,6,"([0], [0])","([0], [0])",Yes,Rule 1,1,1,Yes,Rule A,"[(0, 0)]","[(0, 0)]",Yes,Rule A
1,2,7,"([0], [0])","([0], [0])",Yes,Rule 1,1,1,Yes,Rule A,"[(0, 0)]","[(0, 0)]",Yes,Rule A
1,2,8,"([0], [0])","([0], [0])",Yes,Rule 1,1,1,Yes,Rule A,"[(0, 0)]","[(0, 0)]",Yes,Rule A
1,2,9,"([0], [0])","([0], [0])",Yes,Rule 1,1,1,Yes,Rule A,"[(0, 0)]","[(0, 0)]",Yes,Rule A
1,3,3,"([0], [0])","([0], [0])",Yes,Rule 1,1,1,Yes,Rule A,"[(0, 0)]","[(0, 0)]",Yes,Rule A
1,3,4,"([0], [0])","([0], [0])",Yes,Rule 1,1,1,Yes,Rule A,"[(0, 0)]","[(0, 0)]",Yes,Rule A
1,3,5,"([0], [0])","([0], [0])",Yes,Rule 1,1,1,Yes,Rule A,"[(0, 0)]","[(0, 0)]",Yes,Rule A
1,3,6,"([0], [0])","([0], [0])",Yes,Rule 1,1,1,Yes,Rule A,"[(0, 0)]","[(0, 0)]",Yes,Rule A
1,3,7,"([0], [0])","([0], [0])",Yes,Rule 1,1,1,Yes,Rule A,"[(0, 0)]","[(0, 0)]",Yes,Rule A
1,3,8,"([0], [0])","([0], [0])",Yes,Rule 1,1,1,Yes,Rule A,"[(0, 0)]","[(0, 0)]",Yes,Rule A
1,3,9,"([0], [0])","([0], [0])",Yes,Rule 1,1,1,Yes,Rule A,"[(0, 0)]","[(0, 0)]",Yes,Rule A
1,4,4,"([0], [0])","([0], [0])",Yes,Rule 1,1,1,Yes,Rule A,"[(0, 0)]","[(0, 0)]",Yes,Rule A
1,4,5,"([0], [0])","([0], [0])",Yes,Rule 1,1,1,Yes,Rule A,"[(0, 0)]","[(0, 0)]",Yes,Rule A
1,4,6,"([0], [0])","([0], [0])",Yes,Rule 1,1,1,Yes,Rule A,"[(0, 0)]","[(0, 0)]",Yes,Rule A
1,4,7,"([0], [0])","([0], [0])",Yes,Rule 1,1,1,Yes,Rule A,"[(0, 0)]","[(0, 0)]",Yes,Rule A
1,4,8,"([0], [0])","([0], [0])",Yes,Rule 1,1,1,Yes,Rule A,"[(0, 0)]","[(0, 0)]",Yes,Rule A
1,4,9,"([0], [0])","([0], [0])",Yes,Rule 1,1,1,Yes,Rule A,"[(0, 0)]","[(0, 0)]",Yes,Rule A
1,5,5,"([0], [0])","([0], [0])",Yes,Rule 1,1,1,Yes,Rule A,"[(0, 0)]","[(0, 0)]",Yes,Rule A
1,5,6,"([0], [0])","([0], [0])",Yes,Rule 1,1,1,Yes,Rule A,"[(0, 0)]","[(0, 0)]",Yes,Rule A
1,5,7,"([0], [0])","([0], [0])",Yes,Rule 1,1,1,Yes,Rule A,"[(0, 0)]","[(0, 0)]",Yes,Rule A
1,5,8,"([0], [0])","([0], [0])",Yes,Rule 1,1,1,Yes,Rule A,"[(0, 0)]","[(0, 0)]",Yes,Rule A
1,5,9,"([0], [0])","([0], [0])",Yes,Rule 1,1,1,Yes,Rule A,"[(0, 0)]","[(0, 0)]",Yes,Rule A
1,6,6,"([0], [0])","([0], [0])",Yes,Rule 1,1,1,Yes,Rule A,"[(0, 0)]","[(0, 0)]",Yes,Rule A
1,6,7,"([0], [0])","([0], [0])",Yes,Rule 1,1,1,Yes,Rule A,"[(0, 0)]","[(0, 0)]",Yes,Rule A
1,6,8,"([0], [0])","([0], [0])",Yes,Rule 1,1,1,Yes,Rule A,"[(0, 0)]","[(0, 0)]",Yes,Rule A
1,6,9,"([0], [0])","([0], [0])",Yes,Rule 1,1,1,Yes,Rule A,"[(0, 0)]","[(0, 0)]",Yes,Rule A
1,7,7,"([0], [0])","([0], [0])",Yes,Rule 1,1,1,Yes,Rule A,"[(0, 0)]","[(0, 0)]",Yes,Rule A
1,7,8,"([0], [0])","([0], [0])",Yes,Rule 1,1,1,Yes,Rule A,"[(0, 0)]","[(0, 0)]",Yes,Rule A
1,7,9,"([0], [0])","([0], [0])",Yes,Rule 1,1,1,Yes,Rule A,"[(0, 0)]","[(0, 0)]",Yes,Rule A
1,8,8,"([0], [0])","([0], [0])",Yes,Rule 1,1,1,Yes,Rule A,"[(0, 0)]","[(0, 0)]",Yes,Rule A
1,8,9,"([0], [0])","([0], [0])",Yes,Rule 1,1,1,Yes,Rule A,"[(0, 0)]","[(0, 0)]",Yes,Rule A
1,9,9,"([0], [0])","([0], [0])",Yes,Rule 1,1,1,Yes,Rule A,"[(0, 0)]","[(0, 0)]",Yes,Rule A
2,1,1,"([0, 1], [0, 1])","([0, 1], [0, 1])",Yes,Rule 3,4,4,Yes,Rule B,"[(0, 0), (0, 1), (1, 0), (1, 1)]","[(0, 0), (0, 1), (1, 0), (1, 1)]",Yes,Rule B
2,1,2,"([0, 1], [0, 1, 2])","([0, 1], [0, 1, 2])",Yes,Rule 5,4,4,Yes,Rule B,"[(0, 0), (0, 1), (1, 0), (1, 1)]","[(0, 0), (0, 1), (1, 0), (1, 1)]",Yes,Rule B
2,1,3,"([0, 1], [0, 1, 2])","([0, 1], [0, 1, 2])",Yes,Rule 5,4,4,Yes,Rule B,"[(0, 0), (0, 1), (1, 0), (1, 1)]","[(0, 0), (0, 1), (1, 0), (1, 1)]",Yes,Rule B
2,1,4,"([0, 1], [0, 1, 2])","([0, 1], [0, 1, 2])",Yes,Rule 5,4,4,Yes,Rule B,"[(0, 0), (0, 1), (1, 0), (1, 1)]","[(0, 0), (0, 1), (1, 0), (1, 1)]",Yes,Rule B
2,1,5,"([0, 1], [0, 1, 2])","([0, 1], [0, 1, 2])",Yes,Rule 5,4,4,Yes,Rule B,"[(0, 0), (0, 1), (1, 0), (1, 1)]","[(0, 0), (0, 1), (1, 0), (1, 1)]",Yes,Rule B
2,1,6,"([0, 1], [0, 1, 2])","([0, 1], [0, 1, 2])",Yes,Rule 5,4,4,Yes,Rule B,"[(0, 0), (0, 1), (1, 0), (1, 1)]","[(0, 0), (0, 1), (1, 0), (1, 1)]",Yes,Rule B
2,1,7,"([0, 1], [0, 1, 2])","([0, 1], [0, 1, 2])",Yes,Rule 5,4,4,Yes,Rule B,"[(0, 0), (0, 1), (1, 0), (1, 1)]","[(0, 0), (0, 1), (1, 0), (1, 1)]",Yes,Rule B
2,1,8,"([0, 1], [0, 1, 2])","([0, 1], [0, 1, 2])",Yes,Rule 5,4,4,Yes,Rule B,"[(0, 0), (0, 1), (1, 0), (1, 1)]","[(0, 0), (0, 1), (1, 0), (1, 1)]",Yes,Rule B
2,1,9,"([0, 1], [0, 1, 2])","([0, 1], [0, 1, 2])",Yes,Rule 5,4,4,Yes,Rule B,"[(0, 0), (0, 1), (1, 0), (1, 1)]","[(0, 0), (0, 1), (1, 0), (1, 1)]",Yes,Rule B
2,2,2,"([0, 1, 2], [0, 1, 2])","([0, 1, 2], [0, 1, 2])",Yes,Rule 3,4,4,Yes,Rule B,"[(0, 0), (0, 1), (1, 0), (1, 1)]","[(0, 0), (0, 1), (1, 0), (1, 1)]",Yes,Rule B
2,2,3,"([0, 1, 2], [0, 1, 2])","([0, 1, 2], [0, 1, 2])",Yes,Rule 6,4,4,Yes,Rule B,"[(0, 0), (0, 1), (1, 0), (1, 1)]","[(0, 0), (0, 1), (1, 0), (1, 1)]",Yes,Rule B
2,2,4,"([0, 1, 2], [0, 1, 2])","([0, 1, 2], [0, 1, 2])",Yes,Rule 6,4,4,Yes,Rule B,"[(0, 0), (0, 1), (1, 0), (1, 1)]","[(0, 0), (0, 1), (1, 0), (1, 1)]",Yes,Rule B
2,2,5,"([0, 1, 2], [0, 1, 2])","([0, 1, 2], [0, 1, 2])",Yes,Rule 6,4,4,Yes,Rule B,"[(0, 0), (0, 1), (1, 0), (1, 1)]","[(0, 0), (0, 1), (1, 0), (1, 1)]",Yes,Rule B
2,2,6,"([0, 1, 2], [0, 1, 2])","([0, 1, 2], [0, 1, 2])",Yes,Rule 6,4,4,Yes,Rule B,"[(0, 0), (0, 1), (1, 0), (1, 1)]","[(0, 0), (0, 1), (1, 0), (1, 1)]",Yes,Rule B
2,2,7,"([0, 1, 2], [0, 1, 2])","([0, 1, 2], [0, 1, 2])",Yes,Rule 6,4,4,Yes,Rule B,"[(0, 0), (0, 1), (1, 0), (1, 1)]","[(0, 0), (0, 1), (1, 0), (1, 1)]",Yes,Rule B
2,2,8,"([0, 1, 2], [0, 1, 2])","([0, 1, 2], [0, 1, 2])",Yes,Rule 6,4,4,Yes,Rule B,"[(0, 0), (0, 1), (1, 0), (1, 1)]","[(0, 0), (0, 1), (1, 0), (1, 1)]",Yes,Rule B
2,2,9,"([0, 1, 2], [0, 1, 2])","([0, 1, 2], [0, 1, 2])",Yes,Rule 6,4,4,Yes,Rule B,"[(0, 0), (0, 1), (1, 0), (1, 1)]","[(0, 0), (0, 1), (1, 0), (1, 1)]",Yes,Rule B
2,3,3,"([0, 1, 2], [0, 1, 2])","([0, 1, 2], [0, 1, 2])",Yes,Rule 3,4,4,Yes,Rule B,"[(0, 0), (0, 1), (1, 0), (1, 1)]","[(0, 0), (0, 1), (1, 0), (1, 1)]",Yes,Rule B
2,3,4,"([0, 1, 2], [0, 1, 2])","([0, 1, 2], [0, 1, 2])",Yes,Rule 6,4,4,Yes,Rule B,"[(0, 0), (0, 1), (1, 0), (1, 1)]","[(0, 0), (0, 1), (1, 0), (1, 1)]",Yes,Rule B
2,3,5,"([0, 1, 2], [0, 1, 2])","([0, 1, 2], [0, 1, 2])",Yes,Rule 6,4,4,Yes,Rule B,"[(0, 0), (0, 1), (1, 0), (1, 1)]","[(0, 0), (0, 1), (1, 0), (1, 1)]",Yes,Rule B
2,3,6,"([0, 1, 2], [0, 1, 2])","([0, 1, 2], [0, 1, 2])",Yes,Rule 6,4,4,Yes,Rule B,"[(0, 0), (0, 1), (1, 0), (1, 1)]","[(0, 0), (0, 1), (1, 0), (1, 1)]",Yes,Rule B
2,3,7,"([0, 1, 2], [0, 1, 2])","([0, 1, 2], [0, 1, 2])",Yes,Rule 6,4,4,Yes,Rule B,"[(0, 0), (0, 1), (1, 0), (1, 1)]","[(0, 0), (0, 1), (1, 0), (1, 1)]",Yes,Rule B
2,3,8,"([0, 1, 2], [0, 1, 2])","([0, 1, 2], [0, 1, 2])",Yes,Rule 6,4,4,Yes,Rule B,"[(0, 0), (0, 1), (1, 0), (1, 1)]","[(0, 0), (0, 1), (1, 0), (1, 1)]",Yes,Rule B
2,3,9,"([0, 1, 2], [0, 1, 2])","([0, 1, 2], [0, 1, 2])",Yes,Rule 6,4,4,Yes,Rule B,"[(0, 0), (0, 1), (1, 0), (1, 1)]","[(0, 0), (0, 1), (1, 0), (1, 1)]",Yes,Rule B
2,4,4,"([0, 1, 2], [0, 1, 2])","([0, 1, 2], [0, 1, 2])",Yes,Rule 3,4,4,Yes,Rule B,"[(0, 0), (0, 1), (1, 0), (1, 1)]","[(0, 0), (0, 1), (1, 0), (1, 1)]",Yes,Rule B
2,4,5,"([0, 1, 2], [0, 1, 2])","([0, 1, 2], [0, 1, 2])",Yes,Rule 6,4,4,Yes,Rule B,"[(0, 0), (0, 1), (1, 0), (1, 1)]","[(0, 0), (0, 1), (1, 0), (1, 1)]",Yes,Rule B
2,4,6,"([0, 1, 2], [0, 1, 2])","([0, 1, 2], [0, 1, 2])",Yes,Rule 6,4,4,Yes,Rule B,"[(0, 0), (0, 1), (1, 0), (1, 1)]","[(0, 0), (0, 1), (1, 0), (1, 1)]",Yes,Rule B
2,4,7,"([0, 1, 2], [0, 1, 2])","([0, 1, 2], [0, 1, 2])",Yes,Rule 6,4,4,Yes,Rule B,"[(0, 0), (0, 1), (1, 0), (1, 1)]","[(0, 0), (0, 1), (1, 0), (1, 1)]",Yes,Rule B
2,4,8,"([0, 1, 2], [0, 1, 2])","([0, 1, 2], [0, 1, 2])",Yes,Rule 6,4,4,Yes,Rule B,"[(0, 0), (0, 1), (1, 0), (1, 1)]","[(0, 0), (0, 1), (1, 0), (1, 1)]",Yes,Rule B
2,4,9,"([0, 1, 2], [0, 1, 2])","([0, 1, 2], [0, 1, 2])",Yes,Rule 6,4,4,Yes,Rule B,"[(0, 0), (0, 1), (1, 0), (1, 1)]","[(0, 0), (0, 1), (1, 0), (1, 1)]",Yes,Rule B
2,5,5,"([0, 1, 2], [0, 1, 2])","([0, 1, 2], [0, 1, 2])",Yes,Rule 3,4,4,Yes,Rule B,"[(0, 0), (0, 1), (1, 0), (1, 1)]","[(0, 0), (0, 1), (1, 0), (1, 1)]",Yes,Rule B
2,5,6,"([0, 1, 2], [0, 1, 2])","([0, 1, 2], [0, 1, 2])",Yes,Rule 6,4,4,Yes,Rule B,"[(0, 0), (0, 1), (1, 0), (1, 1)]","[(0, 0), (0, 1), (1, 0), (1, 1)]",Yes,Rule B
2,5,7,"([0, 1, 2], [0, 1, 2])","([0, 1, 2], [0, 1, 2])",Yes,Rule 6,4,4,Yes,Rule B,"[(0, 0), (0, 1), (1, 0), (1, 1)]","[(0, 0), (0, 1), (1, 0), (1, 1)]",Yes,Rule B
2,5,8,"([0, 1, 2], [0, 1, 2])","([0, 1, 2], [0, 1, 2])",Yes,Rule 6,4,4,Yes,Rule B,"[(0, 0), (0, 1), (1, 0), (1, 1)]","[(0, 0), (0, 1), (1, 0), (1, 1)]",Yes,Rule B
2,5,9,"([0, 1, 2], [0, 1, 2])","([0, 1, 2], [0, 1, 2])",Yes,Rule 6,4,4,Yes,Rule B,"[(0, 0), (0, 1), (1, 0), (1, 1)]","[(0, 0), (0, 1), (1, 0), (1, 1)]",Yes,Rule B
2,6,6,"([0, 1, 2], [0, 1, 2])","([0, 1, 2], [0, 1, 2])",Yes,Rule 3,4,4,Yes,Rule B,"[(0, 0), (0, 1), (1, 0), (1, 1)]","[(0, 0), (0, 1), (1, 0), (1, 1)]",Yes,Rule B
2,6,7,"([0, 1, 2], [0, 1, 2])","([0, 1, 2], [0, 1, 2])",Yes,Rule 6,4,4,Yes,Rule B,"[(0, 0), (0, 1), (1, 0), (1, 1)]","[(0, 0), (0, 1), (1, 0), (1, 1)]",Yes,Rule B
2,6,8,"([0, 1, 2], [0, 1, 2])","([0, 1, 2], [0, 1, 2])",Yes,Rule 6,4,4,Yes,Rule B,"[(0, 0), (0, 1), (1, 0), (1, 1)]","[(0, 0), (0, 1), (1, 0), (1, 1)]",Yes,Rule B
2,6,9,"([0, 1, 2], [0, 1, 2])","([0, 1, 2], [0, 1, 2])",Yes,Rule 6,4,4,Yes,Rule B,"[(0, 0), (0, 1), (1, 0), (1, 1)]","[(0, 0), (0, 1), (1, 0), (1, 1)]",Yes,Rule B
2,7,7,"([0, 1, 2], [0, 1, 2])","([0, 1, 2], [0, 1, 2])",Yes,Rule 3,4,4,Yes,Rule B,"[(0, 0), (0, 1), (1, 0), (1, 1)]","[(0, 0), (0, 1), (1, 0), (1, 1)]",Yes,Rule B
2,7,8,"([0, 1, 2], [0, 1, 2])","([0, 1, 2], [0, 1, 2])",Yes,Rule 6,4,4,Yes,Rule B,"[(0, 0), (0, 1), (1, 0), (1, 1)]","[(0, 0), (0, 1), (1, 0), (1, 1)]",Yes,Rule B
2,7,9,"([0, 1, 2], [0, 1, 2])","([0, 1, 2], [0, 1, 2])",Yes,Rule 6,4,4,Yes,Rule B,"[(0, 0), (0, 1), (1, 0), (1, 1)]","[(0, 0), (0, 1), (1, 0), (1, 1)]",Yes,Rule B
2,8,8,"([0, 1, 2], [0, 1, 2])","([0, 1, 2], [0, 1, 2])",Yes,Rule 3,4,4,Yes,Rule B,"[(0, 0), (0, 1), (1, 0), (1, 1)]","[(0, 0), (0, 1), (1, 0), (1, 1)]",Yes,Rule B
2,8,9,"([0, 1, 2], [0, 1, 2])","([0, 1, 2], [0, 1, 2])",Yes,Rule 6,4,4,Yes,Rule B,"[(0, 0), (0, 1), (1, 0), (1, 1)]","[(0, 0), (0, 1), (1, 0), (1, 1)]",Yes,Rule B
2,9,9,"([0, 1, 2], [0, 1, 2])","([0, 1, 2], [0, 1, 2])",Yes,Rule 3,4,4,Yes,Rule B,"[(0, 0), (0, 1), (1, 0), (1, 1)]","[(0, 0), (0, 1), (1, 0), (1, 1)]",Yes,Rule B
3,1,1,"([1], [1])","([1], [1])",Yes,Rule 2,1,1,Yes,Rule Ca,"[(1, 1)]","[(1, 1)]",Yes,Rule Ca
3,1,2,"([0, 1], [1, 2])","([0, 1], [1, 2])",Yes,Rule 4,0,0,Yes,Rule Cb,[],[],Yes,Rule Cb
3,1,3,"([0, 1], [1, 2])","([0, 1], [1, 2])",Yes,Rule 4,0,0,Yes,Rule Cb,[],[],Yes,Rule Cb
3,1,4,"([0, 1], [1, 2])","([0, 1], [1, 2])",Yes,Rule 4,0,0,Yes,Rule Cb,[],[],Yes,Rule Cb
3,1,5,"([0, 1], [1, 2])","([0, 1], [1, 2])",Yes,Rule 4,0,0,Yes,Rule Cb,[],[],Yes,Rule Cb
3,1,6,"([0, 1], [1, 2])","([0, 1], [1, 2])",Yes,Rule 4,0,0,Yes,Rule Cb,[],[],Yes,Rule Cb
3,1,7,"([0, 1], [1, 2])","([0, 1], [1, 2])",Yes,Rule 4,0,0,Yes,Rule Cb,[],[],Yes,Rule Cb
3,1,8,"([0, 1], [1, 2])","([0, 1], [1, 2])",Yes,Rule 4,0,0,Yes,Rule Cb,[],[],Yes,Rule Cb
3,1,9,"([0, 1], [1, 2])","([0, 1], [1, 2])",Yes,Rule 4,0,0,Yes,Rule Cb,[],[],Yes,Rule Cb
3,2,2,"([0, 1, 2], [0, 1, 2])","([0, 1, 2], [0, 1, 2])",Yes,Rule 3,0,0,Yes,Rule Cb,[],[],Yes,Rule Cb
3,2,3,"([0, 1, 2], [0, 1, 2, 3])","([0, 1, 2], [0, 1, 2, 3])",Yes,Rule 5,0,0,Yes,Rule Cb,[],[],Yes,Rule Cb
3,2,4,"([0, 1, 2], [0, 1, 2, 3])","([0, 1, 2], [0, 1, 2, 3])",Yes,Rule 5,0,0,Yes,Rule Cb,[],[],Yes,Rule Cb
3,2,5,"([0, 1, 2], [0, 1, 2, 3])","([0, 1, 2], [0, 1, 2, 3])",Yes,Rule 5,0,0,Yes,Rule Cb,[],[],Yes,Rule Cb
3,2,6,"([0, 1, 2], [0, 1, 2, 3])","([0, 1, 2], [0, 1, 2, 3])",Yes,Rule 5,0,0,Yes,Rule Cb,[],[],Yes,Rule Cb
3,2,7,"([0, 1, 2], [0, 1, 2, 3])","([0, 1, 2], [0, 1, 2, 3])",Yes,Rule 5,0,0,Yes,Rule Cb,[],[],Yes,Rule Cb
3,2,8,"([0, 1, 2], [0, 1, 2, 3])","([0, 1, 2], [0, 1, 2, 3])",Yes,Rule 5,0,0,Yes,Rule Cb,[],[],Yes,Rule Cb
3,2,9,"([0, 1, 2], [0, 1, 2, 3])","([0, 1, 2], [0, 1, 2, 3])",Yes,Rule 5,0,0,Yes,Rule Cb,[],[],Yes,Rule Cb
3,3,3,"([0, 1, 2, 3], [0, 1, 2, 3])","([0, 1, 2, 3], [0, 1, 2, 3])",Yes,Rule 3,0,0,Yes,Rule Cb,[],[],Yes,Rule Cb
3,3,4,"([0, 1, 2, 3], [0, 1, 2, 3])","([0, 1, 2, 3], [0, 1, 2, 3])",Yes,Rule 6,0,0,Yes,Rule Cb,[],[],Yes,Rule Cb
3,3,5,"([0, 1, 2, 3], [0, 1, 2, 3])","([0, 1, 2, 3], [0, 1, 2, 3])",Yes,Rule 6,0,0,Yes,Rule Cb,[],[],Yes,Rule Cb
3,3,6,"([0, 1, 2, 3], [0, 1, 2, 3])","([0, 1, 2, 3], [0, 1, 2, 3])",Yes,Rule 6,0,0,Yes,Rule Cb,[],[],Yes,Rule Cb
3,3,7,"([0, 1, 2, 3], [0, 1, 2, 3])","([0, 1, 2, 3], [0, 1, 2, 3])",Yes,Rule 6,0,0,Yes,Rule Cb,[],[],Yes,Rule Cb
3,3,8,"([0, 1, 2, 3], [0, 1, 2, 3])","([0, 1, 2, 3], [0, 1, 2, 3])",Yes,Rule 6,0,0,Yes,Rule Cb,[],[],Yes,Rule Cb
3,3,9,"([0, 1, 2, 3], [0, 1, 2, 3])","([0, 1, 2, 3], [0, 1, 2, 3])",Yes,Rule 6,0,0,Yes,Rule Cb,[],[],Yes,Rule Cb
3,4,4,"([0, 1, 2, 3], [0, 1, 2, 3])","([0, 1, 2, 3], [0, 1, 2, 3])",Yes,Rule 3,0,0,Yes,Rule Cb,[],[],Yes,Rule Cb
3,4,5,"([0, 1, 2, 3], [0, 1, 2, 3])","([0, 1, 2, 3], [0, 1, 2, 3])",Yes,Rule 6,0,0,Yes,Rule Cb,[],[],Yes,Rule Cb
3,4,6,"([0, 1, 2, 3], [0, 1, 2, 3])","([0, 1, 2, 3], [0, 1, 2, 3])",Yes,Rule 6,0,0,Yes,Rule Cb,[],[],Yes,Rule Cb
3,4,7,"([0, 1, 2, 3], [0, 1, 2, 3])","([0, 1, 2, 3], [0, 1, 2, 3])",Yes,Rule 6,0,0,Yes,Rule Cb,[],[],Yes,Rule Cb
3,4,8,"([0, 1, 2, 3], [0, 1, 2, 3])","([0, 1, 2, 3], [0, 1, 2, 3])",Yes,Rule 6,0,0,Yes,Rule Cb,[],[],Yes,Rule Cb
3,4,9,"([0, 1, 2, 3], [0, 1, 2, 3])","([0, 1, 2, 3], [0, 1, 2, 3])",Yes,Rule 6,0,0,Yes,Rule Cb,[],[],Yes,Rule Cb
3,5,5,"([0, 1, 2, 3], [0, 1, 2, 3])","([0, 1, 2, 3], [0, 1, 2, 3])",Yes,Rule 3,0,0,Yes,Rule Cb,[],[],Yes,Rule Cb
3,5,6,"([0, 1, 2, 3], [0, 1, 2, 3])","([0, 1, 2, 3], [0, 1, 2, 3])",Yes,Rule 6,0,0,Yes,Rule Cb,[],[],Yes,Rule Cb
3,5,7,"([0, 1, 2, 3], [0, 1, 2, 3])","([0, 1, 2, 3], [0, 1, 2, 3])",Yes,Rule 6,0,0,Yes,Rule Cb,[],[],Yes,Rule Cb
3,5,8,"([0, 1, 2, 3], [0, 1, 2, 3])","([0, 1, 2, 3], [0, 1, 2, 3])",Yes,Rule 6,0,0,Yes,Rule Cb,[],[],Yes,Rule Cb
3,5,9,"([0, 1, 2, 3], [0, 1, 2, 3])","([0, 1, 2, 3], [0, 1, 2, 3])",Yes,Rule 6,0,0,Yes,Rule Cb,[],[],Yes,Rule Cb
3,6,6,"([0, 1, 2, 3], [0, 1, 2, 3])","([0, 1, 2, 3], [0, 1, 2, 3])",Yes,Rule 3,0,0,Yes,Rule Cb,[],[],Yes,Rule Cb
3,6,7,"([0, 1, 2, 3], [0, 1, 2, 3])","([0, 1, 2, 3], [0, 1, 2, 3])",Yes,Rule 6,0,0,Yes,Rule Cb,[],[],Yes,Rule Cb
3,6,8,"([0, 1, 2, 3], [0, 1, 2, 3])","([0, 1, 2, 3], [0, 1, 2, 3])",Yes,Rule 6,0,0,Yes,Rule Cb,[],[],Yes,Rule Cb
3,6,9,"([0, 1, 2, 3], [0, 1, 2, 3])","([0, 1, 2, 3], [0, 1, 2, 3])",Yes,Rule 6,0,0,Yes,Rule Cb,[],[],Yes,Rule Cb
3,7,7,"([0, 1, 2, 3], [0, 1, 2, 3])","([0, 1, 2, 3], [0, 1, 2, 3])",Yes,Rule 3,0,0,Yes,Rule Cb,[],[],Yes,Rule Cb
3,7,8,"([0, 1, 2, 3], [0, 1, 2, 3])","([0, 1, 2, 3], [0, 1, 2, 3])",Yes,Rule 6,0,0,Yes,Rule Cb,[],[],Yes,Rule Cb
3,7,9,"([0, 1, 2, 3], [0, 1, 2, 3])","([0, 1, 2, 3], [0, 1, 2, 3])",Yes,Rule 6,0,0,Yes,Rule Cb,[],[],Yes,Rule Cb
3,8,8,"([0, 1, 2, 3], [0, 1, 2, 3])","([0, 1, 2, 3], [0, 1, 2, 3])",Yes,Rule 3,0,0,Yes,Rule Cb,[],[],Yes,Rule Cb
3,8,9,"([0, 1, 2, 3], [0, 1, 2, 3])","([0, 1, 2, 3], [0, 1, 2, 3])",Yes,Rule 6,0,0,Yes,Rule Cb,[],[],Yes,Rule Cb
3,9,9,"([0, 1, 2, 3], [0, 1, 2, 3])","([0, 1, 2, 3], [0, 1, 2, 3])",Yes,Rule 3,0,0,Yes,Rule Cb,[],[],Yes,Rule Cb
4,1,1,"([1], [1])","([1], [1])",Yes,Rule 2,1,1,Yes,Rule Ca,"[(1, 1)]","[(1, 1)]",Yes,Rule Ca
4,1,2,"([0, 1], [1, 2])","([0, 1], [1, 2])",Yes,Rule 4,0,0,Yes,Rule Cb,[],[],Yes,Rule Cb
4,1,3,"([0, 1], [1, 2])","([0, 1], [1, 2])",Yes,Rule 4,0,0,Yes,Rule Cb,[],[],Yes,Rule Cb
4,1,4,"([0, 1], [1, 2])","([0, 1], [1, 2])",Yes,Rule 4,0,0,Yes,Rule Cb,[],[],Yes,Rule Cb
4,1,5,"([0, 1], [1, 2])","([0, 1], [1, 2])",Yes,Rule 4,0,0,Yes,Rule Cb,[],[],Yes,Rule Cb
4,1,6,"([0, 1], [1, 2])","([0, 1], [1, 2])",Yes,Rule 4,0,0,Yes,Rule Cb,[],[],Yes,Rule Cb
4,1,7,"([0, 1], [1, 2])","([0, 1], [1, 2])",Yes,Rule 4,0,0,Yes,Rule Cb,[],[],Yes,Rule Cb
4,1,8,"([0, 1], [1, 2])","([0, 1], [1, 2])",Yes,Rule 4,0,0,Yes,Rule Cb,[],[],Yes,Rule Cb
4,1,9,"([0, 1], [1, 2])","([0, 1], [1, 2])",Yes,Rule 4,0,0,Yes,Rule Cb,[],[],Yes,Rule Cb
4,2,2,"([0, 1, 2], [0, 1, 2])","([0, 1, 2], [0, 1, 2])",Yes,Rule 3,1,1,Yes,Rule Ca,"[(2, 2)]","[(2, 2)]",Yes,Rule Ca
4,2,3,"([0, 1, 2], [0, 1, 2, 3])","([0, 1, 2], [0, 1, 2, 3])",Yes,Rule 5,0,0,Yes,Rule Cb,[],[],Yes,Rule Cb
4,2,4,"([0, 1, 2], [0, 1, 2, 3])","([0, 1, 2], [0, 1, 2, 3])",Yes,Rule 5,0,0,Yes,Rule Cb,[],[],Yes,Rule Cb
4,2,5,"([0, 1, 2], [0, 1, 2, 3])","([0, 1, 2], [0, 1, 2, 3])",Yes,Rule 5,0,0,Yes,Rule Cb,[],[],Yes,Rule Cb
4,2,6,"([0, 1, 2], [0, 1, 2, 3])","([0, 1, 2], [0, 1, 2, 3])",Yes,Rule 5,0,0,Yes,Rule Cb,[],[],Yes,Rule Cb
4,2,7,"([0, 1, 2], [0, 1, 2, 3])","([0, 1, 2], [0, 1, 2, 3])",Yes,Rule 5,0,0,Yes,Rule Cb,[],[],Yes,Rule Cb
4,2,8,"([0, 1, 2], [0, 1, 2, 3])","([0, 1, 2], [0, 1, 2, 3])",Yes,Rule 5,0,0,Yes,Rule Cb,[],[],Yes,Rule Cb
4,2,9,"([0, 1, 2], [0, 1, 2, 3])","([0, 1, 2], [0, 1, 2, 3])",Yes,Rule 5,0,0,Yes,Rule Cb,[],[],Yes,Rule Cb
4,3,3,"([0, 1, 2, 3], [0, 1, 2, 3])","([0, 1, 2, 3], [0, 1, 2, 3])",Yes,Rule 3,0,0,Yes,Rule Cb,[],[],Yes,Rule Cb
4,3,4,"([0, 1, 2, 3], [0, 1, 2, 3, 4])","([0, 1, 2, 3], [0, 1, 2, 3, 4])",Yes,Rule 5,0,0,Yes,Rule Cb,[],[],Yes,Rule Cb
4,3,5,"([0, 1, 2, 3], [0, 1, 2, 3, 4])","([0, 1, 2, 3], [0, 1, 2, 3, 4])",Yes,Rule 5,0,0,Yes,Rule Cb,[],[],Yes,Rule Cb
4,3,6,"([0, 1, 2, 3], [0, 1, 2, 3, 4])","([0, 1, 2, 3], [0, 1, 2, 3, 4])",Yes,Rule 5,0,0,Yes,Rule Cb,[],[],Yes,Rule Cb
4,3,7,"([0, 1, 2, 3], [0, 1, 2, 3, 4])","([0, 1, 2, 3], [0, 1, 2, 3, 4])",Yes,Rule 5,0,0,Yes,Rule Cb,[],[],Yes,Rule Cb
4,3,8,"([0, 1, 2, 3], [0, 1, 2, 3, 4])","([0, 1, 2, 3], [0, 1, 2, 3, 4])",Yes,Rule 5,0,0,Yes,Rule Cb,[],[],Yes,Rule Cb
4,3,9,"([0, 1, 2, 3], [0, 1, 2, 3, 4])","([0, 1, 2, 3], [0, 1, 2, 3, 4])",Yes,Rule 5,0,0,Yes,Rule Cb,[],[],Yes,Rule Cb
4,4,4,"([0, 1, 2, 3, 4], [0, 1, 2, 3, 4])","([0, 1, 2, 3, 4], [0, 1, 2, 3, 4])",Yes,Rule 3,0,0,Yes,Rule Cb,[],[],Yes,Rule Cb
4,4,5,"([0, 1, 2, 3, 4], [0, 1, 2, 3, 4])","([0, 1, 2, 3, 4], [0, 1, 2, 3, 4])",Yes,Rule 6,0,0,Yes,Rule Cb,[],[],Yes,Rule Cb
4,4,6,"([0, 1, 2, 3, 4], [0, 1, 2, 3, 4])","([0, 1, 2, 3, 4], [0, 1, 2, 3, 4])",Yes,Rule 6,0,0,Yes,Rule Cb,[],[],Yes,Rule Cb
4,4,7,"([0, 1, 2, 3, 4], [0, 1, 2, 3, 4])","([0, 1, 2, 3, 4], [0, 1, 2, 3, 4])",Yes,Rule 6,0,0,Yes,Rule Cb,[],[],Yes,Rule Cb
4,4,8,"([0, 1, 2, 3, 4], [0, 1, 2, 3, 4])","([0, 1, 2, 3, 4], [0, 1, 2, 3, 4])",Yes,Rule 6,0,0,Yes,Rule Cb,[],[],Yes,Rule Cb
4,4,9,"([0, 1, 2, 3, 4], [0, 1, 2, 3, 4])","([0, 1, 2, 3, 4], [0, 1, 2, 3, 4])",Yes,Rule 6,0,0,Yes,Rule Cb,[],[],Yes,Rule Cb
4,5,5,"([0, 1, 2, 3, 4], [0, 1, 2, 3, 4])","([0, 1, 2, 3, 4], [0, 1, 2, 3, 4])",Yes,Rule 3,0,0,Yes,Rule Cb,[],[],Yes,Rule Cb
4,5,6,"([0, 1, 2, 3, 4], [0, 1, 2, 3, 4])","([0, 1, 2, 3, 4], [0, 1, 2, 3, 4])",Yes,Rule 6,0,0,Yes,Rule Cb,[],[],Yes,Rule Cb
4,5,7,"([0, 1, 2, 3, 4], [0, 1, 2, 3, 4])","([0, 1, 2, 3, 4], [0, 1, 2, 3, 4])",Yes,Rule 6,0,0,Yes,Rule Cb,[],[],Yes,Rule Cb
4,5,8,"([0, 1, 2, 3, 4], [0, 1, 2, 3, 4])","([0, 1, 2, 3, 4], [0, 1, 2, 3, 4])",Yes,Rule 6,0,0,Yes,Rule Cb,[],[],Yes,Rule Cb
4,5,9,"([0, 1, 2, 3, 4], [0, 1, 2, 3, 4])","([0, 1, 2, 3, 4], [0, 1, 2, 3, 4])",Yes,Rule 6,0,0,Yes,Rule Cb,[],[],Yes,Rule Cb
4,6,6,"([0, 1, 2, 3, 4], [0, 1, 2, 3, 4])","([0, 1, 2, 3, 4], [0, 1, 2, 3, 4])",Yes,Rule 3,0,0,Yes,Rule Cb,[],[],Yes,Rule Cb
4,6,7,"([0, 1, 2, 3, 4], [0, 1, 2, 3, 4])","([0, 1, 2, 3, 4], [0, 1, 2, 3, 4])",Yes,Rule 6,0,0,Yes,Rule Cb,[],[],Yes,Rule Cb
4,6,8,"([0, 1, 2, 3, 4], [0, 1, 2, 3, 4])","([0, 1, 2, 3, 4], [0, 1, 2, 3, 4])",Yes,Rule 6,0,0,Yes,Rule Cb,[],[],Yes,Rule Cb
4,6,9,"([0, 1, 2, 3, 4], [0, 1, 2, 3, 4])","([0, 1, 2, 3, 4], [0, 1, 2, 3, 4])",Yes,Rule 6,0,0,Yes,Rule Cb,[],[],Yes,Rule Cb
4,7,7,"([0, 1, 2, 3, 4], [0, 1, 2, 3, 4])","([0, 1, 2, 3, 4], [0, 1, 2, 3, 4])",Yes,Rule 3,0,0,Yes,Rule Cb,[],[],Yes,Rule Cb
4,7,8,"([0, 1, 2, 3, 4], [0, 1, 2, 3, 4])","([0, 1, 2, 3, 4], [0, 1, 2, 3, 4])",Yes,Rule 6,0,0,Yes,Rule Cb,[],[],Yes,Rule Cb
4,7,9,"([0, 1, 2, 3, 4], [0, 1, 2, 3, 4])","([0, 1, 2, 3, 4], [0, 1, 2, 3, 4])",Yes,Rule 6,0,0,Yes,Rule Cb,[],[],Yes,Rule Cb
4,8,8,"([0, 1, 2, 3, 4], [0, 1, 2, 3, 4])","([0, 1, 2, 3, 4], [0, 1, 2, 3, 4])",Yes,Rule 3,0,0,Yes,Rule Cb,[],[],Yes,Rule Cb
4,8,9,"([0, 1, 2, 3, 4], [0, 1, 2, 3, 4])","([0, 1, 2, 3, 4], [0, 1, 2, 3, 4])",Yes,Rule 6,0,0,Yes,Rule Cb,[],[],Yes,Rule Cb
4,9,9,"([0, 1, 2, 3, 4], [0, 1, 2, 3, 4])","([0, 1, 2, 3, 4], [0, 1, 2, 3, 4])",Yes,Rule 3,0,0,Yes,Rule Cb,[],[],Yes,Rule Cb
5,1,1,"([1], [1])","([1], [1])",Yes,Rule 2,1,1,Yes,Rule Ca,"[(1, 1)]","[(1, 1)]",Yes,Rule Ca
5,1,2,"([0, 1], [1, 2])","([0, 1], [1, 2])",Yes,Rule 4,0,0,Yes,Rule Cb,[],[],Yes,Rule Cb
5,1,3,"([0, 1], [1, 2])","([0, 1], [1, 2])",Yes,Rule 4,0,0,Yes,Rule Cb,[],[],Yes,Rule Cb
5,1,4,"([0, 1], [1, 2])","([0, 1], [1, 2])",Yes,Rule 4,0,0,Yes,Rule Cb,[],[],Yes,Rule Cb
5,1,5,"([0, 1], [1, 2])","([0, 1], [1, 2])",Yes,Rule 4,0,0,Yes,Rule Cb,[],[],Yes,Rule Cb
5,1,6,"([0, 1], [1, 2])","([0, 1], [1, 2])",Yes,Rule 4,0,0,Yes,Rule Cb,[],[],Yes,Rule Cb
5,1,7,"([0, 1], [1, 2])","([0, 1], [1, 2])",Yes,Rule 4,0,0,Yes,Rule Cb,[],[],Yes,Rule Cb
5,1,8,"([0, 1], [1, 2])","([0, 1], [1, 2])",Yes,Rule 4,0,0,Yes,Rule Cb,[],[],Yes,Rule Cb
5,1,9,"([0, 1], [1, 2])","([0, 1], [1, 2])",Yes,Rule 4,0,0,Yes,Rule Cb,[],[],Yes,Rule Cb
5,2,2,"([2], [2])","([2], [2])",Yes,Rule 2,1,1,Yes,Rule Ca,"[(2, 2)]","[(2, 2)]",Yes,Rule Ca
5,2,3,"([0, 1, 2], [1, 2, 3])","([0, 1, 2], [1, 2, 3])",Yes,Rule 4,0,0,Yes,Rule Cb,[],[],Yes,Rule Cb
5,2,4,"([0, 1, 2], [1, 2, 3])","([0, 1, 2], [1, 2, 3])",Yes,Rule 4,0,0,Yes,Rule Cb,[],[],Yes,Rule Cb
5,2,5,"([0, 1, 2], [1, 2, 3])","([0, 1, 2], [1, 2, 3])",Yes,Rule 4,0,0,Yes,Rule Cb,[],[],Yes,Rule Cb
5,2,6,"([0, 1, 2], [1, 2, 3])","([0, 1, 2], [1, 2, 3])",Yes,Rule 4,0,0,Yes,Rule Cb,[],[],Yes,Rule Cb
5,2,7,"([0, 1, 2], [1, 2, 3])","([0, 1, 2], [1, 2, 3])",Yes,Rule 4,0,0,Yes,Rule Cb,[],[],Yes,Rule Cb
5,2,8,"([0, 1, 2], [1, 2, 3])","([0, 1, 2], [1, 2, 3])",Yes,Rule 4,0,0,Yes,Rule Cb,[],[],Yes,Rule Cb
5,2,9,"([0, 1, 2], [1, 2, 3])","([0, 1, 2], [1, 2, 3])",Yes,Rule 4,0,0,Yes,Rule Cb,[],[],Yes,Rule Cb
5,3,3,"([0, 1, 2, 3], [0, 1, 2, 3])","([0, 1, 2, 3], [0, 1, 2, 3])",Yes,Rule 3,0,0,Yes,Rule Cb,[],[],Yes,Rule Cb
5,3,4,"([0, 1, 2, 3], [0, 1, 2, 3, 4])","([0, 1, 2, 3], [0, 1, 2, 3, 4])",Yes,Rule 5,0,0,Yes,Rule Cb,[],[],Yes,Rule Cb
5,3,5,"([0, 1, 2, 3], [0, 1, 2, 3, 4])","([0, 1, 2, 3], [0, 1, 2, 3, 4])",Yes,Rule 5,0,0,Yes,Rule Cb,[],[],Yes,Rule Cb
5,3,6,"([0, 1, 2, 3], [0, 1, 2, 3, 4])","([0, 1, 2, 3], [0, 1, 2, 3, 4])",Yes,Rule 5,0,0,Yes,Rule Cb,[],[],Yes,Rule Cb
5,3,7,"([0, 1, 2, 3], [0, 1, 2, 3, 4])","([0, 1, 2, 3], [0, 1, 2, 3, 4])",Yes,Rule 5,0,0,Yes,Rule Cb,[],[],Yes,Rule Cb
5,3,8,"([0, 1, 2, 3], [0, 1, 2, 3, 4])","([0, 1, 2, 3], [0, 1, 2, 3, 4])",Yes,Rule 5,0,0,Yes,Rule Cb,[],[],Yes,Rule Cb
5,3,9,"([0, 1, 2, 3], [0, 1, 2, 3, 4])","([0, 1, 2, 3], [0, 1, 2, 3, 4])",Yes,Rule 5,0,0,Yes,Rule Cb,[],[],Yes,Rule Cb
5,4,4,"([0, 1, 2, 3, 4], [0, 1, 2, 3, 4])","([0, 1, 2, 3, 4], [0, 1, 2, 3, 4])",Yes,Rule 3,0,0,Yes,Rule Cb,[],[],Yes,Rule Cb
5,4,5,"([0, 1, 2, 3, 4], [0, 1, 2, 3, 4, 5])","([0, 1, 2, 3, 4], [0, 1, 2, 3, 4, 5])",Yes,Rule 5,0,0,Yes,Rule Cb,[],[],Yes,Rule Cb
5,4,6,"([0, 1, 2, 3, 4], [0, 1, 2, 3, 4, 5])","([0, 1, 2, 3, 4], [0, 1, 2, 3, 4, 5])",Yes,Rule 5,0,0,Yes,Rule Cb,[],[],Yes,Rule Cb
5,4,7,"([0, 1, 2, 3, 4], [0, 1, 2, 3, 4, 5])","([0, 1, 2, 3, 4], [0, 1, 2, 3, 4, 5])",Yes,Rule 5,0,0,Yes,Rule Cb,[],[],Yes,Rule Cb
5,4,8,"([0, 1, 2, 3, 4], [0, 1, 2, 3, 4, 5])","([0, 1, 2, 3, 4], [0, 1, 2, 3, 4, 5])",Yes,Rule 5,0,0,Yes,Rule Cb,[],[],Yes,Rule Cb
5,4,9,"([0, 1, 2, 3, 4], [0, 1, 2, 3, 4, 5])","([0, 1, 2, 3, 4], [0, 1, 2, 3, 4, 5])",Yes,Rule 5,0,0,Yes,Rule Cb,[],[],Yes,Rule Cb
5,5,5,"([0, 1, 2, 3, 4, 5], [0, 1, 2, 3, 4, 5])","([0, 1, 2, 3, 4, 5], [0, 1, 2, 3, 4, 5])",Yes,Rule 3,0,0,Yes,Rule Cb,[],[],Yes,Rule Cb
5,5,6,"([0, 1, 2, 3, 4, 5], [0, 1, 2, 3, 4, 5])","([0, 1, 2, 3, 4, 5], [0, 1, 2, 3, 4, 5])",Yes,Rule 6,0,0,Yes,Rule Cb,[],[],Yes,Rule Cb
5,5,7,"([0, 1, 2, 3, 4, 5], [0, 1, 2, 3, 4, 5])","([0, 1, 2, 3, 4, 5], [0, 1, 2, 3, 4, 5])",Yes,Rule 6,0,0,Yes,Rule Cb,[],[],Yes,Rule Cb
5,5,8,"([0, 1, 2, 3, 4, 5], [0, 1, 2, 3, 4, 5])","([0, 1, 2, 3, 4, 5], [0, 1, 2, 3, 4, 5])",Yes,Rule 6,0,0,Yes,Rule Cb,[],[],Yes,Rule Cb
5,5,9,"([0, 1, 2, 3, 4, 5], [0, 1, 2, 3, 4, 5])","([0, 1, 2, 3, 4, 5], [0, 1, 2, 3, 4, 5])",Yes,Rule 6,0,0,Yes,Rule Cb,[],[],Yes,Rule Cb
5,6,6,"([0, 1, 2, 3, 4, 5], [0, 1, 2, 3, 4, 5])","([0, 1, 2, 3, 4, 5], [0, 1, 2, 3, 4, 5])",Yes,Rule 3,0,0,Yes,Rule Cb,[],[],Yes,Rule Cb
5,6,7,"([0, 1, 2, 3, 4, 5], [0, 1, 2, 3, 4, 5])","([0, 1, 2, 3, 4, 5], [0, 1, 2, 3, 4, 5])",Yes,Rule 6,0,0,Yes,Rule Cb,[],[],Yes,Rule Cb
5,6,8,"([0, 1, 2, 3, 4, 5], [0, 1, 2, 3, 4, 5])","([0, 1, 2, 3, 4, 5], [0, 1, 2, 3, 4, 5])",Yes,Rule 6,0,0,Yes,Rule Cb,[],[],Yes,Rule Cb
5,6,9,"([0, 1, 2, 3, 4, 5], [0, 1, 2, 3, 4, 5])","([0, 1, 2, 3, 4, 5], [0, 1, 2, 3, 4, 5])",Yes,Rule 6,0,0,Yes,Rule Cb,[],[],Yes,Rule Cb
5,7,7,"([0, 1, 2, 3, 4, 5], [0, 1, 2, 3, 4, 5])","([0, 1, 2, 3, 4, 5], [0, 1, 2, 3, 4, 5])",Yes,Rule 3,0,0,Yes,Rule Cb,[],[],Yes,Rule Cb
5,7,8,"([0, 1, 2, 3, 4, 5], [0, 1, 2, 3, 4, 5])","([0, 1, 2, 3, 4, 5], [0, 1, 2, 3, 4, 5])",Yes,Rule 6,0,0,Yes,Rule Cb,[],[],Yes,Rule Cb
5,7,9,"([0, 1, 2, 3, 4, 5], [0, 1, 2, 3, 4, 5])","([0, 1, 2, 3, 4, 5], [0, 1, 2, 3, 4, 5])",Yes,Rule 6,0,0,Yes,Rule Cb,[],[],Yes,Rule Cb
5,8,8,"([0, 1, 2, 3, 4, 5], [0, 1, 2, 3, 4, 5])","([0, 1, 2, 3, 4, 5], [0, 1, 2, 3, 4, 5])",Yes,Rule 3,0,0,Yes,Rule Cb,[],[],Yes,Rule Cb
5,8,9,"([0, 1, 2, 3, 4, 5], [0, 1, 2, 3, 4, 5])","([0, 1, 2, 3, 4, 5], [0, 1, 2, 3, 4, 5])",Yes,Rule 6,0,0,Yes,Rule Cb,[],[],Yes,Rule Cb
5,9,9,"([0, 1, 2, 3, 4, 5], [0, 1, 2, 3, 4, 5])","([0, 1, 2, 3, 4, 5], [0, 1, 2, 3, 4, 5])",Yes,Rule 3,0,0,Yes,Rule Cb,[],[],Yes,Rule Cb
6,1,1,"([1], [1])","([1], [1])",Yes,Rule 2,1,1,Yes,Rule Ca,"[(1, 1)]","[(1, 1)]",Yes,Rule Ca
6,1,2,"([0, 1], [1, 2])","([0, 1], [1, 2])",Yes,Rule 4,0,0,Yes,Rule Cb,[],[],Yes,Rule Cb
6,1,3,"([0, 1], [1, 2])","([0, 1], [1, 2])",Yes,Rule 4,0,0,Yes,Rule Cb,[],[],Yes,Rule Cb
6,1,4,"([0, 1], [1, 2])","([0, 1], [1, 2])",Yes,Rule 4,0,0,Yes,Rule Cb,[],[],Yes,Rule Cb
6,1,5,"([0, 1], [1, 2])","([0, 1], [1, 2])",Yes,Rule 4,0,0,Yes,Rule Cb,[],[],Yes,Rule Cb
6,1,6,"([0, 1], [1, 2])","([0, 1], [1, 2])",Yes,Rule 4,0,0,Yes,Rule Cb,[],[],Yes,Rule Cb
6,1,7,"([0, 1], [1, 2])","([0, 1], [1, 2])",Yes,Rule 4,0,0,Yes,Rule Cb,[],[],Yes,Rule Cb
6,1,8,"([0, 1], [1, 2])","([0, 1], [1, 2])",Yes,Rule 4,0,0,Yes,Rule Cb,[],[],Yes,Rule Cb
6,1,9,"([0, 1], [1, 2])","([0, 1], [1, 2])",Yes,Rule 4,0,0,Yes,Rule Cb,[],[],Yes,Rule Cb
6,2,2,"([2], [2])","([2], [2])",Yes,Rule 2,1,1,Yes,Rule Ca,"[(2, 2)]","[(2, 2)]",Yes,Rule Ca
6,2,3,"([0, 1, 2], [1, 2, 3])","([0, 1, 2], [1, 2, 3])",Yes,Rule 4,0,0,Yes,Rule Cb,[],[],Yes,Rule Cb
6,2,4,"([0, 1, 2], [1, 2, 3])","([0, 1, 2], [1, 2, 3])",Yes,Rule 4,0,0,Yes,Rule Cb,[],[],Yes,Rule Cb
6,2,5,"([0, 1, 2], [1, 2, 3])","([0, 1, 2], [1, 2, 3])",Yes,Rule 4,0,0,Yes,Rule Cb,[],[],Yes,Rule Cb
6,2,6,"([0, 1, 2], [1, 2, 3])","([0, 1, 2], [1, 2, 3])",Yes,Rule 4,0,0,Yes,Rule Cb,[],[],Yes,Rule Cb
6,2,7,"([0, 1, 2], [1, 2, 3])","([0, 1, 2], [1, 2, 3])",Yes,Rule 4,0,0,Yes,Rule Cb,[],[],Yes,Rule Cb
6,2,8,"([0, 1, 2], [1, 2, 3])","([0, 1, 2], [1, 2, 3])",Yes,Rule 4,0,0,Yes,Rule Cb,[],[],Yes,Rule Cb
6,2,9,"([0, 1, 2], [1, 2, 3])","([0, 1, 2], [1, 2, 3])",Yes,Rule 4,0,0,Yes,Rule Cb,[],[],Yes,Rule Cb
6,3,3,"([0, 1, 2, 3], [0, 1, 2, 3])","([0, 1, 2, 3], [0, 1, 2, 3])",Yes,Rule 3,1,1,Yes,Rule Ca,"[(3, 3)]","[(3, 3)]",Yes,Rule Ca
6,3,4,"([0, 1, 2, 3], [0, 1, 2, 3, 4])","([0, 1, 2, 3], [0, 1, 2, 3, 4])",Yes,Rule 5,0,0,Yes,Rule Cb,[],[],Yes,Rule Cb
6,3,5,"([0, 1, 2, 3], [0, 1, 2, 3, 4])","([0, 1, 2, 3], [0, 1, 2, 3, 4])",Yes,Rule 5,0,0,Yes,Rule Cb,[],[],Yes,Rule Cb
6,3,6,"([0, 1, 2, 3], [0, 1, 2, 3, 4])","([0, 1, 2, 3], [0, 1, 2, 3, 4])",Yes,Rule 5,0,0,Yes,Rule Cb,[],[],Yes,Rule Cb
6,3,7,"([0, 1, 2, 3], [0, 1, 2, 3, 4])","([0, 1, 2, 3], [0, 1, 2, 3, 4])",Yes,Rule 5,0,0,Yes,Rule Cb,[],[],Yes,Rule Cb
6,3,8,"([0, 1, 2, 3], [0, 1, 2, 3, 4])","([0, 1, 2, 3], [0, 1, 2, 3, 4])",Yes,Rule 5,0,0,Yes,Rule Cb,[],[],Yes,Rule Cb
6,3,9,"([0, 1, 2, 3], [0, 1, 2, 3, 4])","([0, 1, 2, 3], [0, 1, 2, 3, 4])",Yes,Rule 5,0,0,Yes,Rule Cb,[],[],Yes,Rule Cb
6,4,4,"([0, 1, 2, 3, 4], [0, 1, 2, 3, 4])","([0, 1, 2, 3, 4], [0, 1, 2, 3, 4])",Yes,Rule 3,0,0,Yes,Rule Cb,[],[],Yes,Rule Cb
6,4,5,"([0, 1, 2, 3, 4], [0, 1, 2, 3, 4, 5])","([0, 1, 2, 3, 4], [0, 1, 2, 3, 4, 5])",Yes,Rule 5,0,0,Yes,Rule Cb,[],[],Yes,Rule Cb
6,4,6,"([0, 1, 2, 3, 4], [0, 1, 2, 3, 4, 5])","([0, 1, 2, 3, 4], [0, 1, 2, 3, 4, 5])",Yes,Rule 5,0,0,Yes,Rule Cb,[],[],Yes,Rule Cb
6,4,7,"([0, 1, 2, 3, 4], [0, 1, 2, 3, 4, 5])","([0, 1, 2, 3, 4], [0, 1, 2, 3, 4, 5])",Yes,Rule 5,0,0,Yes,Rule Cb,[],[],Yes,Rule Cb
6,4,8,"([0, 1, 2, 3, 4], [0, 1, 2, 3, 4, 5])","([0, 1, 2, 3, 4], [0, 1, 2, 3, 4, 5])",Yes,Rule 5,0,0,Yes,Rule Cb,[],[],Yes,Rule Cb
6,4,9,"([0, 1, 2, 3, 4], [0, 1, 2, 3, 4, 5])","([0, 1, 2, 3, 4], [0, 1, 2, 3, 4, 5])",Yes,Rule 5,0,0,Yes,Rule Cb,[],[],Yes,Rule Cb
6,5,5,"([0, 1, 2, 3, 4, 5], [0, 1, 2, 3, 4, 5])","([0, 1, 2, 3, 4, 5], [0, 1, 2, 3, 4, 5])",Yes,Rule 3,0,0,Yes,Rule Cb,[],[],Yes,Rule Cb
6,5,6,"([0, 1, 2, 3, 4, 5], [0, 1, 2, 3, 4, 5, 6])","([0, 1, 2, 3, 4, 5], [0, 1, 2, 3, 4, 5, 6])",Yes,Rule 5,0,0,Yes,Rule Cb,[],[],Yes,Rule Cb
6,5,7,"([0, 1, 2, 3, 4, 5], [0, 1, 2, 3, 4, 5, 6])","([0, 1, 2, 3, 4, 5], [0, 1, 2, 3, 4, 5, 6])",Yes,Rule 5,0,0,Yes,Rule Cb,[],[],Yes,Rule Cb
6,5,8,"([0, 1, 2, 3, 4, 5], [0, 1, 2, 3, 4, 5, 6])","([0, 1, 2, 3, 4, 5], [0, 1, 2, 3, 4, 5, 6])",Yes,Rule 5,0,0,Yes,Rule Cb,[],[],Yes,Rule Cb
6,5,9,"([0, 1, 2, 3, 4, 5], [0, 1, 2, 3, 4, 5, 6])","([0, 1, 2, 3, 4, 5], [0, 1, 2, 3, 4, 5, 6])",Yes,Rule 5,0,0,Yes,Rule Cb,[],[],Yes,Rule Cb
6,6,6,"([0, 1, 2, 3, 4, 5, 6], [0, 1, 2, 3, 4, 5, 6])","([0, 1, 2, 3, 4, 5, 6], [0, 1, 2, 3, 4, 5, 6])",Yes,Rule 3,0,0,Yes,Rule Cb,[],[],Yes,Rule Cb
6,6,7,"([0, 1, 2, 3, 4, 5, 6], [0, 1, 2, 3, 4, 5, 6])","([0, 1, 2, 3, 4, 5, 6], [0, 1, 2, 3, 4, 5, 6])",Yes,Rule 6,0,0,Yes,Rule Cb,[],[],Yes,Rule Cb
6,6,8,"([0, 1, 2, 3, 4, 5, 6], [0, 1, 2, 3, 4, 5, 6])","([0, 1, 2, 3, 4, 5, 6], [0, 1, 2, 3, 4, 5, 6])",Yes,Rule 6,0,0,Yes,Rule Cb,[],[],Yes,Rule Cb
6,6,9,"([0, 1, 2, 3, 4, 5, 6], [0, 1, 2, 3, 4, 5, 6])","([0, 1, 2, 3, 4, 5, 6], [0, 1, 2, 3, 4, 5, 6])",Yes,Rule 6,0,0,Yes,Rule Cb,[],[],Yes,Rule Cb
6,7,7,"([0, 1, 2, 3, 4, 5, 6], [0, 1, 2, 3, 4, 5, 6])","([0, 1, 2, 3, 4, 5, 6], [0, 1, 2, 3, 4, 5, 6])",Yes,Rule 3,0,0,Yes,Rule Cb,[],[],Yes,Rule Cb
6,7,8,"([0, 1, 2, 3, 4, 5, 6], [0, 1, 2, 3, 4, 5, 6])","([0, 1, 2, 3, 4, 5, 6], [0, 1, 2, 3, 4, 5, 6])",Yes,Rule 6,0,0,Yes,Rule Cb,[],[],Yes,Rule Cb
6,7,9,"([0, 1, 2, 3, 4, 5, 6], [0, 1, 2, 3, 4, 5, 6])","([0, 1, 2, 3, 4, 5, 6], [0, 1, 2, 3, 4, 5, 6])",Yes,Rule 6,0,0,Yes,Rule Cb,[],[],Yes,Rule Cb
6,8,8,"([0, 1, 2, 3, 4, 5, 6], [0, 1, 2, 3, 4, 5, 6])","([0, 1, 2, 3, 4, 5, 6], [0, 1, 2, 3, 4, 5, 6])",Yes,Rule 3,0,0,Yes,Rule Cb,[],[],Yes,Rule Cb
6,8,9,"([0, 1, 2, 3, 4, 5, 6], [0, 1, 2, 3, 4, 5, 6])","([0, 1, 2, 3, 4, 5, 6], [0, 1, 2, 3, 4, 5, 6])",Yes,Rule 6,0,0,Yes,Rule Cb,[],[],Yes,Rule Cb
6,9,9,"([0, 1, 2, 3, 4, 5, 6], [0, 1, 2, 3, 4, 5, 6])","([0, 1, 2, 3, 4, 5, 6], [0, 1, 2, 3, 4, 5, 6])",Yes,Rule 3,0,0,Yes,Rule Cb,[],[],Yes,Rule Cb
7,1,1,"([1], [1])","([1], [1])",Yes,Rule 2,1,1,Yes,Rule Ca,"[(1, 1)]","[(1, 1)]",Yes,Rule Ca
7,1,2,"([0, 1], [1, 2])","([0, 1], [1, 2])",Yes,Rule 4,0,0,Yes,Rule Cb,[],[],Yes,Rule Cb
7,1,3,"([0, 1], [1, 2])","([0, 1], [1, 2])",Yes,Rule 4,0,0,Yes,Rule Cb,[],[],Yes,Rule Cb
7,1,4,"([0, 1], [1, 2])","([0, 1], [1, 2])",Yes,Rule 4,0,0,Yes,Rule Cb,[],[],Yes,Rule Cb
7,1,5,"([0, 1], [1, 2])","([0, 1], [1, 2])",Yes,Rule 4,0,0,Yes,Rule Cb,[],[],Yes,Rule Cb
7,1,6,"([0, 1], [1, 2])","([0, 1], [1, 2])",Yes,Rule 4,0,0,Yes,Rule Cb,[],[],Yes,Rule Cb
7,1,7,"([0, 1], [1, 2])","([0, 1], [1, 2])",Yes,Rule 4,0,0,Yes,Rule Cb,[],[],Yes,Rule Cb
7,1,8,"([0, 1], [1, 2])","([0, 1], [1, 2])",Yes,Rule 4,0,0,Yes,Rule Cb,[],[],Yes,Rule Cb
7,1,9,"([0, 1], [1, 2])","([0, 1], [1, 2])",Yes,Rule 4,0,0,Yes,Rule Cb,[],[],Yes,Rule Cb
7,2,2,"([2], [2])","([2], [2])",Yes,Rule 2,1,1,Yes,Rule Ca,"[(2, 2)]","[(2, 2)]",Yes,Rule Ca
7,2,3,"([0, 1, 2], [1, 2, 3])","([0, 1, 2], [1, 2, 3])",Yes,Rule 4,0,0,Yes,Rule Cb,[],[],Yes,Rule Cb
7,2,4,"([0, 1, 2], [1, 2, 3])","([0, 1, 2], [1, 2, 3])",Yes,Rule 4,0,0,Yes,Rule Cb,[],[],Yes,Rule Cb
7,2,5,"([0, 1, 2], [1, 2, 3])","([0, 1, 2], [1, 2, 3])",Yes,Rule 4,0,0,Yes,Rule Cb,[],[],Yes,Rule Cb
7,2,6,"([0, 1, 2], [1, 2, 3])","([0, 1, 2], [1, 2, 3])",Yes,Rule 4,0,0,Yes,Rule Cb,[],[],Yes,Rule Cb
7,2,7,"([0, 1, 2], [1, 2, 3])","([0, 1, 2], [1, 2, 3])",Yes,Rule 4,0,0,Yes,Rule Cb,[],[],Yes,Rule Cb
7,2,8,"([0, 1, 2], [1, 2, 3])","([0, 1, 2], [1, 2, 3])",Yes,Rule 4,0,0,Yes,Rule Cb,[],[],Yes,Rule Cb
7,2,9,"([0, 1, 2], [1, 2, 3])","([0, 1, 2], [1, 2, 3])",Yes,Rule 4,0,0,Yes,Rule Cb,[],[],Yes,Rule Cb
7,3,3,"([3], [3])","([3], [3])",Yes,Rule 2,1,1,Yes,Rule Ca,"[(3, 3)]","[(3, 3)]",Yes,Rule Ca
7,3,4,"([0, 1, 2, 3], [1, 2, 3, 4])","([0, 1, 2, 3], [1, 2, 3, 4])",Yes,Rule 4,0,0,Yes,Rule Cb,[],[],Yes,Rule Cb
7,3,5,"([0, 1, 2, 3], [1, 2, 3, 4])","([0, 1, 2, 3], [1, 2, 3, 4])",Yes,Rule 4,0,0,Yes,Rule Cb,[],[],Yes,Rule Cb
7,3,6,"([0, 1, 2, 3], [1, 2, 3, 4])","([0, 1, 2, 3], [1, 2, 3, 4])",Yes,Rule 4,0,0,Yes,Rule Cb,[],[],Yes,Rule Cb
7,3,7,"([0, 1, 2, 3], [1, 2, 3, 4])","([0, 1, 2, 3], [1, 2, 3, 4])",Yes,Rule 4,0,0,Yes,Rule Cb,[],[],Yes,Rule Cb
7,3,8,"([0, 1, 2, 3], [1, 2, 3, 4])","([0, 1, 2, 3], [1, 2, 3, 4])",Yes,Rule 4,0,0,Yes,Rule Cb,[],[],Yes,Rule Cb
7,3,9,"([0, 1, 2, 3], [1, 2, 3, 4])","([0, 1, 2, 3], [1, 2, 3, 4])",Yes,Rule 4,0,0,Yes,Rule Cb,[],[],Yes,Rule Cb
7,4,4,"([0, 1, 2, 3, 4], [0, 1, 2, 3, 4])","([0, 1, 2, 3, 4], [0, 1, 2, 3, 4])",Yes,Rule 3,0,0,Yes,Rule Cb,[],[],Yes,Rule Cb
7,4,5,"([0, 1, 2, 3, 4], [0, 1, 2, 3, 4, 5])","([0, 1, 2, 3, 4], [0, 1, 2, 3, 4, 5])",Yes,Rule 5,0,0,Yes,Rule Cb,[],[],Yes,Rule Cb
7,4,6,"([0, 1, 2, 3, 4], [0, 1, 2, 3, 4, 5])","([0, 1, 2, 3, 4], [0, 1, 2, 3, 4, 5])",Yes,Rule 5,0,0,Yes,Rule Cb,[],[],Yes,Rule Cb
7,4,7,"([0, 1, 2, 3, 4], [0, 1, 2, 3, 4, 5])","([0, 1, 2, 3, 4], [0, 1, 2, 3, 4, 5])",Yes,Rule 5,0,0,Yes,Rule Cb,[],[],Yes,Rule Cb
7,4,8,"([0, 1, 2, 3, 4], [0, 1, 2, 3, 4, 5])","([0, 1, 2, 3, 4], [0, 1, 2, 3, 4, 5])",Yes,Rule 5,0,0,Yes,Rule Cb,[],[],Yes,Rule Cb
7,4,9,"([0, 1, 2, 3, 4], [0, 1, 2, 3, 4, 5])","([0, 1, 2, 3, 4], [0, 1, 2, 3, 4, 5])",Yes,Rule 5,0,0,Yes,Rule Cb,[],[],Yes,Rule Cb
7,5,5,"([0, 1, 2, 3, 4, 5], [0, 1, 2, 3, 4, 5])","([0, 1, 2, 3, 4, 5], [0, 1, 2, 3, 4, 5])",Yes,Rule 3,0,0,Yes,Rule Cb,[],[],Yes,Rule Cb
7,5,6,"([0, 1, 2, 3, 4, 5], [0, 1, 2, 3, 4, 5, 6])","([0, 1, 2, 3, 4, 5], [0, 1, 2, 3, 4, 5, 6])",Yes,Rule 5,0,0,Yes,Rule Cb,[],[],Yes,Rule Cb
7,5,7,"([0, 1, 2, 3, 4, 5], [0, 1, 2, 3, 4, 5, 6])","([0, 1, 2, 3, 4, 5], [0, 1, 2, 3, 4, 5, 6])",Yes,Rule 5,0,0,Yes,Rule Cb,[],[],Yes,Rule Cb
7,5,8,"([0, 1, 2, 3, 4, 5], [0, 1, 2, 3, 4, 5, 6])","([0, 1, 2, 3, 4, 5], [0, 1, 2, 3, 4, 5, 6])",Yes,Rule 5,0,0,Yes,Rule Cb,[],[],Yes,Rule Cb
7,5,9,"([0, 1, 2, 3, 4, 5], [0, 1, 2, 3, 4, 5, 6])","([0, 1, 2, 3, 4, 5], [0, 1, 2, 3, 4, 5, 6])",Yes,Rule 5,0,0,Yes,Rule Cb,[],[],Yes,Rule Cb
7,6,6,"([0, 1, 2, 3, 4, 5, 6], [0, 1, 2, 3, 4, 5, 6])","([0, 1, 2, 3, 4, 5, 6], [0, 1, 2, 3, 4, 5, 6])",Yes,Rule 3,0,0,Yes,Rule Cb,[],[],Yes,Rule Cb
7,6,7,"([0, 1, 2, 3, 4, 5, 6], [0, 1, 2, 3, 4, 5, 6, 7])","([0, 1, 2, 3, 4, 5, 6], [0, 1, 2, 3, 4, 5, 6, 7])",Yes,Rule 5,0,0,Yes,Rule Cb,[],[],Yes,Rule Cb
7,6,8,"([0, 1, 2, 3, 4, 5, 6], [0, 1, 2, 3, 4, 5, 6, 7])","([0, 1, 2, 3, 4, 5, 6], [0, 1, 2, 3, 4, 5, 6, 7])",Yes,Rule 5,0,0,Yes,Rule Cb,[],[],Yes,Rule Cb
7,6,9,"([0, 1, 2, 3, 4, 5, 6], [0, 1, 2, 3, 4, 5, 6, 7])","([0, 1, 2, 3, 4, 5, 6], [0, 1, 2, 3, 4, 5, 6, 7])",Yes,Rule 5,0,0,Yes,Rule Cb,[],[],Yes,Rule Cb
7,7,7,"([0, 1, 2, 3, 4, 5, 6, 7], [0, 1, 2, 3, 4, 5, 6, 7])","([0, 1, 2, 3, 4, 5, 6, 7], [0, 1, 2, 3, 4, 5, 6, 7])",Yes,Rule 3,0,0,Yes,Rule Cb,[],[],Yes,Rule Cb
7,7,8,"([0, 1, 2, 3, 4, 5, 6, 7], [0, 1, 2, 3, 4, 5, 6, 7])","([0, 1, 2, 3, 4, 5, 6, 7], [0, 1, 2, 3, 4, 5, 6, 7])",Yes,Rule 6,0,0,Yes,Rule Cb,[],[],Yes,Rule Cb
7,7,9,"([0, 1, 2, 3, 4, 5, 6, 7], [0, 1, 2, 3, 4, 5, 6, 7])","([0, 1, 2, 3, 4, 5, 6, 7], [0, 1, 2, 3, 4, 5, 6, 7])",Yes,Rule 6,0,0,Yes,Rule Cb,[],[],Yes,Rule Cb
7,8,8,"([0, 1, 2, 3, 4, 5, 6, 7], [0, 1, 2, 3, 4, 5, 6, 7])","([0, 1, 2, 3, 4, 5, 6, 7], [0, 1, 2, 3, 4, 5, 6, 7])",Yes,Rule 3,0,0,Yes,Rule Cb,[],[],Yes,Rule Cb
7,8,9,"([0, 1, 2, 3, 4, 5, 6, 7], [0, 1, 2, 3, 4, 5, 6, 7])","([0, 1, 2, 3, 4, 5, 6, 7], [0, 1, 2, 3, 4, 5, 6, 7])",Yes,Rule 6,0,0,Yes,Rule Cb,[],[],Yes,Rule Cb
7,9,9,"([0, 1, 2, 3, 4, 5, 6, 7], [0, 1, 2, 3, 4, 5, 6, 7])","([0, 1, 2, 3, 4, 5, 6, 7], [0, 1, 2, 3, 4, 5, 6, 7])",Yes,Rule 3,0,0,Yes,Rule Cb,[],[],Yes,Rule Cb
8,1,1,"([1], [1])","([1], [1])",Yes,Rule 2,1,1,Yes,Rule Ca,"[(1, 1)]","[(1, 1)]",Yes,Rule Ca
8,1,2,"([0, 1], [1, 2])","([0, 1], [1, 2])",Yes,Rule 4,0,0,Yes,Rule Cb,[],[],Yes,Rule Cb
8,1,3,"([0, 1], [1, 2])","([0, 1], [1, 2])",Yes,Rule 4,0,0,Yes,Rule Cb,[],[],Yes,Rule Cb
8,1,4,"([0, 1], [1, 2])","([0, 1], [1, 2])",Yes,Rule 4,0,0,Yes,Rule Cb,[],[],Yes,Rule Cb
8,1,5,"([0, 1], [1, 2])","([0, 1], [1, 2])",Yes,Rule 4,0,0,Yes,Rule Cb,[],[],Yes,Rule Cb
8,1,6,"([0, 1], [1, 2])","([0, 1], [1, 2])",Yes,Rule 4,0,0,Yes,Rule Cb,[],[],Yes,Rule Cb
8,1,7,"([0, 1], [1, 2])","([0, 1], [1, 2])",Yes,Rule 4,0,0,Yes,Rule Cb,[],[],Yes,Rule Cb
8,1,8,"([0, 1], [1, 2])","([0, 1], [1, 2])",Yes,Rule 4,0,0,Yes,Rule Cb,[],[],Yes,Rule Cb
8,1,9,"([0, 1], [1, 2])","([0, 1], [1, 2])",Yes,Rule 4,0,0,Yes,Rule Cb,[],[],Yes,Rule Cb
8,2,2,"([2], [2])","([2], [2])",Yes,Rule 2,1,1,Yes,Rule Ca,"[(2, 2)]","[(2, 2)]",Yes,Rule Ca
8,2,3,"([0, 1, 2], [1, 2, 3])","([0, 1, 2], [1, 2, 3])",Yes,Rule 4,0,0,Yes,Rule Cb,[],[],Yes,Rule Cb
8,2,4,"([0, 1, 2], [1, 2, 3])","([0, 1, 2], [1, 2, 3])",Yes,Rule 4,0,0,Yes,Rule Cb,[],[],Yes,Rule Cb
8,2,5,"([0, 1, 2], [1, 2, 3])","([0, 1, 2], [1, 2, 3])",Yes,Rule 4,0,0,Yes,Rule Cb,[],[],Yes,Rule Cb
8,2,6,"([0, 1, 2], [1, 2, 3])","([0, 1, 2], [1, 2, 3])",Yes,Rule 4,0,0,Yes,Rule Cb,[],[],Yes,Rule Cb
8,2,7,"([0, 1, 2], [1, 2, 3])","([0, 1, 2], [1, 2, 3])",Yes,Rule 4,0,0,Yes,Rule Cb,[],[],Yes,Rule Cb
8,2,8,"([0, 1, 2], [1, 2, 3])","([0, 1, 2], [1, 2, 3])",Yes,Rule 4,0,0,Yes,Rule Cb,[],[],Yes,Rule Cb
8,2,9,"([0, 1, 2], [1, 2, 3])","([0, 1, 2], [1, 2, 3])",Yes,Rule 4,0,0,Yes,Rule Cb,[],[],Yes,Rule Cb
8,3,3,"([3], [3])","([3], [3])",Yes,Rule 2,1,1,Yes,Rule Ca,"[(3, 3)]","[(3, 3)]",Yes,Rule Ca
8,3,4,"([0, 1, 2, 3], [1, 2, 3, 4])","([0, 1, 2, 3], [1, 2, 3, 4])",Yes,Rule 4,0,0,Yes,Rule Cb,[],[],Yes,Rule Cb
8,3,5,"([0, 1, 2, 3], [1, 2, 3, 4])","([0, 1, 2, 3], [1, 2, 3, 4])",Yes,Rule 4,0,0,Yes,Rule Cb,[],[],Yes,Rule Cb
8,3,6,"([0, 1, 2, 3], [1, 2, 3, 4])","([0, 1, 2, 3], [1, 2, 3, 4])",Yes,Rule 4,0,0,Yes,Rule Cb,[],[],Yes,Rule Cb
8,3,7,"([0, 1, 2, 3], [1, 2, 3, 4])","([0, 1, 2, 3], [1, 2, 3, 4])",Yes,Rule 4,0,0,Yes,Rule Cb,[],[],Yes,Rule Cb
8,3,8,"([0, 1, 2, 3], [1, 2, 3, 4])","([0, 1, 2, 3], [1, 2, 3, 4])",Yes,Rule 4,0,0,Yes,Rule Cb,[],[],Yes,Rule Cb
8,3,9,"([0, 1, 2, 3], [1, 2, 3, 4])","([0, 1, 2, 3], [1, 2, 3, 4])",Yes,Rule 4,0,0,Yes,Rule Cb,[],[],Yes,Rule Cb
8,4,4,"([0, 1, 2, 3, 4], [0, 1, 2, 3, 4])","([0, 1, 2, 3, 4], [0, 1, 2, 3, 4])",Yes,Rule 3,1,1,Yes,Rule Ca,"[(4, 4)]","[(4, 4)]",Yes,Rule Ca
8,4,5,"([0, 1, 2, 3, 4], [0, 1, 2, 3, 4, 5])","([0, 1, 2, 3, 4], [0, 1, 2, 3, 4, 5])",Yes,Rule 5,0,0,Yes,Rule Cb,[],[],Yes,Rule Cb
8,4,6,"([0, 1, 2, 3, 4], [0, 1, 2, 3, 4, 5])","([0, 1, 2, 3, 4], [0, 1, 2, 3, 4, 5])",Yes,Rule 5,0,0,Yes,Rule Cb,[],[],Yes,Rule Cb
8,4,7,"([0, 1, 2, 3, 4], [0, 1, 2, 3, 4, 5])","([0, 1, 2, 3, 4], [0, 1, 2, 3, 4, 5])",Yes,Rule 5,0,0,Yes,Rule Cb,[],[],Yes,Rule Cb
8,4,8,"([0, 1, 2, 3, 4], [0, 1, 2, 3, 4, 5])","([0, 1, 2, 3, 4], [0, 1, 2, 3, 4, 5])",Yes,Rule 5,0,0,Yes,Rule Cb,[],[],Yes,Rule Cb
8,4,9,"([0, 1, 2, 3, 4], [0, 1, 2, 3, 4, 5])","([0, 1, 2, 3, 4], [0, 1, 2, 3, 4, 5])",Yes,Rule 5,0,0,Yes,Rule Cb,[],[],Yes,Rule Cb
8,5,5,"([0, 1, 2, 3, 4, 5], [0, 1, 2, 3, 4, 5])","([0, 1, 2, 3, 4, 5], [0, 1, 2, 3, 4, 5])",Yes,Rule 3,0,0,Yes,Rule Cb,[],[],Yes,Rule Cb
8,5,6,"([0, 1, 2, 3, 4, 5], [0, 1, 2, 3, 4, 5, 6])","([0, 1, 2, 3, 4, 5], [0, 1, 2, 3, 4, 5, 6])",Yes,Rule 5,0,0,Yes,Rule Cb,[],[],Yes,Rule Cb
8,5,7,"([0, 1, 2, 3, 4, 5], [0, 1, 2, 3, 4, 5, 6])","([0, 1, 2, 3, 4, 5], [0, 1, 2, 3, 4, 5, 6])",Yes,Rule 5,0,0,Yes,Rule Cb,[],[],Yes,Rule Cb
8,5,8,"([0, 1, 2, 3, 4, 5], [0, 1, 2, 3, 4, 5, 6])","([0, 1, 2, 3, 4, 5], [0, 1, 2, 3, 4, 5, 6])",Yes,Rule 5,0,0,Yes,Rule Cb,[],[],Yes,Rule Cb
8,5,9,"([0, 1, 2, 3, 4, 5], [0, 1, 2, 3, 4, 5, 6])","([0, 1, 2, 3, 4, 5], [0, 1, 2, 3, 4, 5, 6])",Yes,Rule 5,0,0,Yes,Rule Cb,[],[],Yes,Rule Cb
8,6,6,"([0, 1, 2, 3, 4, 5, 6], [0, 1, 2, 3, 4, 5, 6])","([0, 1, 2, 3, 4, 5, 6], [0, 1, 2, 3, 4, 5, 6])",Yes,Rule 3,0,0,Yes,Rule Cb,[],[],Yes,Rule Cb
8,6,7,"([0, 1, 2, 3, 4, 5, 6], [0, 1, 2, 3, 4, 5, 6, 7])","([0, 1, 2, 3, 4, 5, 6], [0, 1, 2, 3, 4, 5, 6, 7])",Yes,Rule 5,0,0,Yes,Rule Cb,[],[],Yes,Rule Cb
8,6,8,"([0, 1, 2, 3, 4, 5, 6], [0, 1, 2, 3, 4, 5, 6, 7])","([0, 1, 2, 3, 4, 5, 6], [0, 1, 2, 3, 4, 5, 6, 7])",Yes,Rule 5,0,0,Yes,Rule Cb,[],[],Yes,Rule Cb
8,6,9,"([0, 1, 2, 3, 4, 5, 6], [0, 1, 2, 3, 4, 5, 6, 7])","([0, 1, 2, 3, 4, 5, 6], [0, 1, 2, 3, 4, 5, 6, 7])",Yes,Rule 5,0,0,Yes,Rule Cb,[],[],Yes,Rule Cb
8,7,7,"([0, 1, 2, 3, 4, 5, 6, 7], [0, 1, 2, 3, 4, 5, 6, 7])","([0, 1, 2, 3, 4, 5, 6, 7], [0, 1, 2, 3, 4, 5, 6, 7])",Yes,Rule 3,0,0,Yes,Rule Cb,[],[],Yes,Rule Cb
8,7,8,"([0, 1, 2, 3, 4, 5, 6, 7], [0, 1, 2, 3, 4, 5, 6, 7, 8])","([0, 1, 2, 3, 4, 5, 6, 7], [0, 1, 2, 3, 4, 5, 6, 7, 8])",Yes,Rule 5,0,0,Yes,Rule Cb,[],[],Yes,Rule Cb
8,7,9,"([0, 1, 2, 3, 4, 5, 6, 7], [0, 1, 2, 3, 4, 5, 6, 7, 8])","([0, 1, 2, 3, 4, 5, 6, 7], [0, 1, 2, 3, 4, 5, 6, 7, 8])",Yes,Rule 5,0,0,Yes,Rule Cb,[],[],Yes,Rule Cb
8,8,8,"([0, 1, 2, 3, 4, 5, 6, 7, 8], [0, 1, 2, 3, 4, 5, 6, 7, 8])","([0, 1, 2, 3, 4, 5, 6, 7, 8], [0, 1, 2, 3, 4, 5, 6, 7, 8])",Yes,Rule 3,0,0,Yes,Rule Cb,[],[],Yes,Rule Cb
8,8,9,"([0, 1, 2, 3, 4, 5, 6, 7, 8], [0, 1, 2, 3, 4, 5, 6, 7, 8])","([0, 1, 2, 3, 4, 5, 6, 7, 8], [0, 1, 2, 3, 4, 5, 6, 7, 8])",Yes,Rule 6,0,0,Yes,Rule Cb,[],[],Yes,Rule Cb
8,9,9,"([0, 1, 2, 3, 4, 5, 6, 7, 8], [0, 1, 2, 3, 4, 5, 6, 7, 8])","([0, 1, 2, 3, 4, 5, 6, 7, 8], [0, 1, 2, 3, 4, 5, 6, 7, 8])",Yes,Rule 3,0,0,Yes,Rule Cb,[],[],Yes,Rule Cb
9,1,1,"([1], [1])","([1], [1])",Yes,Rule 2,1,1,Yes,Rule Ca,"[(1, 1)]","[(1, 1)]",Yes,Rule Ca
9,1,2,"([0, 1], [1, 2])","([0, 1], [1, 2])",Yes,Rule 4,0,0,Yes,Rule Cb,[],[],Yes,Rule Cb
9,1,3,"([0, 1], [1, 2])","([0, 1], [1, 2])",Yes,Rule 4,0,0,Yes,Rule Cb,[],[],Yes,Rule Cb
9,1,4,"([0, 1], [1, 2])","([0, 1], [1, 2])",Yes,Rule 4,0,0,Yes,Rule Cb,[],[],Yes,Rule Cb
9,1,5,"([0, 1], [1, 2])","([0, 1], [1, 2])",Yes,Rule 4,0,0,Yes,Rule Cb,[],[],Yes,Rule Cb
9,1,6,"([0, 1], [1, 2])","([0, 1], [1, 2])",Yes,Rule 4,0,0,Yes,Rule Cb,[],[],Yes,Rule Cb
9,1,7,"([0, 1], [1, 2])","([0, 1], [1, 2])",Yes,Rule 4,0,0,Yes,Rule Cb,[],[],Yes,Rule Cb
9,1,8,"([0, 1], [1, 2])","([0, 1], [1, 2])",Yes,Rule 4,0,0,Yes,Rule Cb,[],[],Yes,Rule Cb
9,1,9,"([0, 1], [1, 2])","([0, 1], [1, 2])",Yes,Rule 4,0,0,Yes,Rule Cb,[],[],Yes,Rule Cb
9,2,2,"([2], [2])","([2], [2])",Yes,Rule 2,1,1,Yes,Rule Ca,"[(2, 2)]","[(2, 2)]",Yes,Rule Ca
9,2,3,"([0, 1, 2], [1, 2, 3])","([0, 1, 2], [1, 2, 3])",Yes,Rule 4,0,0,Yes,Rule Cb,[],[],Yes,Rule Cb
9,2,4,"([0, 1, 2], [1, 2, 3])","([0, 1, 2], [1, 2, 3])",Yes,Rule 4,0,0,Yes,Rule Cb,[],[],Yes,Rule Cb
9,2,5,"([0, 1, 2], [1, 2, 3])","([0, 1, 2], [1, 2, 3])",Yes,Rule 4,0,0,Yes,Rule Cb,[],[],Yes,Rule Cb
9,2,6,"([0, 1, 2], [1, 2, 3])","([0, 1, 2], [1, 2, 3])",Yes,Rule 4,0,0,Yes,Rule Cb,[],[],Yes,Rule Cb
9,2,7,"([0, 1, 2], [1, 2, 3])","([0, 1, 2], [1, 2, 3])",Yes,Rule 4,0,0,Yes,Rule Cb,[],[],Yes,Rule Cb
9,2,8,"([0, 1, 2], [1, 2, 3])","([0, 1, 2], [1, 2, 3])",Yes,Rule 4,0,0,Yes,Rule Cb,[],[],Yes,Rule Cb
9,2,9,"([0, 1, 2], [1, 2, 3])","([0, 1, 2], [1, 2, 3])",Yes,Rule 4,0,0,Yes,Rule Cb,[],[],Yes,Rule Cb
9,3,3,"([3], [3])","([3], [3])",Yes,Rule 2,1,1,Yes,Rule Ca,"[(3, 3)]","[(3, 3)]",Yes,Rule Ca
9,3,4,"([0, 1, 2, 3], [1, 2, 3, 4])","([0, 1, 2, 3], [1, 2, 3, 4])",Yes,Rule 4,0,0,Yes,Rule Cb,[],[],Yes,Rule Cb
9,3,5,"([0, 1, 2, 3], [1, 2, 3, 4])","([0, 1, 2, 3], [1, 2, 3, 4])",Yes,Rule 4,0,0,Yes,Rule Cb,[],[],Yes,Rule Cb
9,3,6,"([0, 1, 2, 3], [1, 2, 3, 4])","([0, 1, 2, 3], [1, 2, 3, 4])",Yes,Rule 4,0,0,Yes,Rule Cb,[],[],Yes,Rule Cb
9,3,7,"([0, 1, 2, 3], [1, 2, 3, 4])","([0, 1, 2, 3], [1, 2, 3, 4])",Yes,Rule 4,0,0,Yes,Rule Cb,[],[],Yes,Rule Cb
9,3,8,"([0, 1, 2, 3], [1, 2, 3, 4])","([0, 1, 2, 3], [1, 2, 3, 4])",Yes,Rule 4,0,0,Yes,Rule Cb,[],[],Yes,Rule Cb
9,3,9,"([0, 1, 2, 3], [1, 2, 3, 4])","([0, 1, 2, 3], [1, 2, 3, 4])",Yes,Rule 4,0,0,Yes,Rule Cb,[],[],Yes,Rule Cb
9,4,4,"([4], [4])","([4], [4])",Yes,Rule 2,1,1,Yes,Rule Ca,"[(4, 4)]","[(4, 4)]",Yes,Rule Ca
9,4,5,"([0, 1, 2, 3, 4], [1, 2, 3, 4, 5])","([0, 1, 2, 3, 4], [1, 2, 3, 4, 5])",Yes,Rule 4,0,0,Yes,Rule Cb,[],[],Yes,Rule Cb
9,4,6,"([0, 1, 2, 3, 4], [1, 2, 3, 4, 5])","([0, 1, 2, 3, 4], [1, 2, 3, 4, 5])",Yes,Rule 4,0,0,Yes,Rule Cb,[],[],Yes,Rule Cb
9,4,7,"([0, 1, 2, 3, 4], [1, 2, 3, 4, 5])","([0, 1, 2, 3, 4], [1, 2, 3, 4, 5])",Yes,Rule 4,0,0,Yes,Rule Cb,[],[],Yes,Rule Cb
9,4,8,"([0, 1, 2, 3, 4], [1, 2, 3, 4, 5])","([0, 1, 2, 3, 4], [1, 2, 3, 4, 5])",Yes,Rule 4,0,0,Yes,Rule Cb,[],[],Yes,Rule Cb
9,4,9,"([0, 1, 2, 3, 4], [1, 2, 3, 4, 5])","([0, 1, 2, 3, 4], [1, 2, 3, 4, 5])",Yes,Rule 4,0,0,Yes,Rule Cb,[],[],Yes,Rule Cb
9,5,5,"([0, 1, 2, 3, 4, 5], [0, 1, 2, 3, 4, 5])","([0, 1, 2, 3, 4, 5], [0, 1, 2, 3, 4, 5])",Yes,Rule 3,0,0,Yes,Rule Cb,[],[],Yes,Rule Cb
9,5,6,"([0, 1, 2, 3, 4, 5], [0, 1, 2, 3, 4, 5, 6])","([0, 1, 2, 3, 4, 5], [0, 1, 2, 3, 4, 5, 6])",Yes,Rule 5,0,0,Yes,Rule Cb,[],[],Yes,Rule Cb
9,5,7,"([0, 1, 2, 3, 4, 5], [0, 1, 2, 3, 4, 5, 6])","([0, 1, 2, 3, 4, 5], [0, 1, 2, 3, 4, 5, 6])",Yes,Rule 5,0,0,Yes,Rule Cb,[],[],Yes,Rule Cb
9,5,8,"([0, 1, 2, 3, 4, 5], [0, 1, 2, 3, 4, 5, 6])","([0, 1, 2, 3, 4, 5], [0, 1, 2, 3, 4, 5, 6])",Yes,Rule 5,0,0,Yes,Rule Cb,[],[],Yes,Rule Cb
9,5,9,"([0, 1, 2, 3, 4, 5], [0, 1, 2, 3, 4, 5, 6])","([0, 1, 2, 3, 4, 5], [0, 1, 2, 3, 4, 5, 6])",Yes,Rule 5,0,0,Yes,Rule Cb,[],[],Yes,Rule Cb
9,6,6,"([0, 1, 2, 3, 4, 5, 6], [0, 1, 2, 3, 4, 5, 6])","([0, 1, 2, 3, 4, 5, 6], [0, 1, 2, 3, 4, 5, 6])",Yes,Rule 3,0,0,Yes,Rule Cb,[],[],Yes,Rule Cb
9,6,7,"([0, 1, 2, 3, 4, 5, 6], [0, 1, 2, 3, 4, 5, 6, 7])","([0, 1, 2, 3, 4, 5, 6], [0, 1, 2, 3, 4, 5, 6, 7])",Yes,Rule 5,0,0,Yes,Rule Cb,[],[],Yes,Rule Cb
9,6,8,"([0, 1, 2, 3, 4, 5, 6], [0, 1, 2, 3, 4, 5, 6, 7])","([0, 1, 2, 3, 4, 5, 6], [0, 1, 2, 3, 4, 5, 6, 7])",Yes,Rule 5,0,0,Yes,Rule Cb,[],[],Yes,Rule Cb
9,6,9,"([0, 1, 2, 3, 4, 5, 6], [0, 1, 2, 3, 4, 5, 6, 7])","([0, 1, 2, 3, 4, 5, 6], [0, 1, 2, 3, 4, 5, 6, 7])",Yes,Rule 5,0,0,Yes,Rule Cb,[],[],Yes,Rule Cb
9,7,7,"([0, 1, 2, 3, 4, 5, 6, 7], [0, 1, 2, 3, 4, 5, 6, 7])","([0, 1, 2, 3, 4, 5, 6, 7], [0, 1, 2, 3, 4, 5, 6, 7])",Yes,Rule 3,0,0,Yes,Rule Cb,[],[],Yes,Rule Cb
9,7,8,"([0, 1, 2, 3, 4, 5, 6, 7], [0, 1, 2, 3, 4, 5, 6, 7, 8])","([0, 1, 2, 3, 4, 5, 6, 7], [0, 1, 2, 3, 4, 5, 6, 7, 8])",Yes,Rule 5,0,0,Yes,Rule Cb,[],[],Yes,Rule Cb
9,7,9,"([0, 1, 2, 3, 4, 5, 6, 7], [0, 1, 2, 3, 4, 5, 6, 7, 8])","([0, 1, 2, 3, 4, 5, 6, 7], [0, 1, 2, 3, 4, 5, 6, 7, 8])",Yes,Rule 5,0,0,Yes,Rule Cb,[],[],Yes,Rule Cb
9,8,8,"([0, 1, 2, 3, 4, 5, 6, 7, 8], [0, 1, 2, 3, 4, 5, 6, 7, 8])","([0, 1, 2, 3, 4, 5, 6, 7, 8], [0, 1, 2, 3, 4, 5, 6, 7, 8])",Yes,Rule 3,0,0,Yes,Rule Cb,[],[],Yes,Rule Cb
9,8,9,"([0, 1, 2, 3, 4, 5, 6, 7, 8], [0, 1, 2, 3, 4, 5, 6, 7, 8, 9])","([0, 1, 2, 3, 4, 5, 6, 7, 8], [0, 1, 2, 3, 4, 5, 6, 7, 8, 9])",Yes,Rule 5,0,0,Yes,Rule Cb,[],[],Yes,Rule Cb
9,9,9,"([0, 1, 2, 3, 4, 5, 6, 7, 8, 9], [0, 1, 2, 3, 4, 5, 6, 7, 8, 9])","([0, 1, 2, 3, 4, 5, 6, 7, 8, 9], [0, 1, 2, 3, 4, 5, 6, 7, 8, 9])",Yes,Rule 3,0,0,Yes,Rule Cb,[],[],Yes,Rule Cb
